{"cameraMode":{"drawMode":0,"name":"Shaded","section":"Shading Mode"},"sceneLighting":true,"audioPlay":false,"sceneViewState":{"m_AlwaysRefresh":false,"showFog":true,"showSkybox":false,"showFlares":true,"showImageEffects":true,"showParticleSystems":true,"showVisualEffectGraphs":true,"m_FxEnabled":true},"in2DMode":false,"pivot":{"x":130.829833984375,"y":146.53887939453126,"z":0.06500005722045899},"rotation":{"x":-0.013654385693371296,"y":0.7662973403930664,"z":0.017100196331739427,"w":0.6422236561775208},"size":140.9229736328125,"orthographic":false}